Rudresh,"['Fossil - Gen 5 44mm Stainless Steel - Black with Brown Leather Band', 'Skullcandy - Venue Wireless Noise Canceling Over-the-Ear Headphones - Black', '""Sony - 55"""" Class - LED - X900F Series - 2160p - Smart - 4K Ultra HD TV with HDR""']"
Jay,"['""LG - 65"""" Class - LED - UK6090PUA Series - 2160p - Smart - 4K UHD TV with HDR""', 'Fossil - Gen 5 44mm Stainless Steel - Black with Brown Leather Band', 'Skullcandy - Venue Wireless Noise Canceling Over-the-Ear Headphones - Black']"
Shubham Patel,"['Skullcandy - Venue Wireless Noise Canceling Over-the-Ear Headphones - Black', '""LG - 65"""" Class - LED - UK6090PUA Series - 2160p - Smart - 4K UHD TV with HDR""', '""Sony - 55"""" Class - LED - X900F Series - 2160p - Smart - 4K Ultra HD TV with HDR""']"
Vidhi Amin,"['Skullcandy - Venue Wireless Noise Canceling Over-the-Ear Headphones - Black', 'Fossil - Gen 5 44mm Stainless Steel - Black with Brown Leather Band', '""LG - 65"""" Class - LED - UK6090PUA Series - 2160p - Smart - 4K UHD TV with HDR""']"
Krusha Patel,"['""LG - 65"""" Class - LED - UK6090PUA Series - 2160p - Smart - 4K UHD TV with HDR""', 'Fossil - Gen 5 44mm Stainless Steel - Black with Brown Leather Band', 'Skullcandy - Venue Wireless Noise Canceling Over-the-Ear Headphones - Black']"
Arpit Patel,"['""Sony - 55"""" Class - LED - X900F Series - 2160p - Smart - 4K Ultra HD TV with HDR""', '""LG - 65"""" Class - LED - UK6090PUA Series - 2160p - Smart - 4K UHD TV with HDR""', 'Fossil - Gen 5 44mm Stainless Steel - Black with Brown Leather Band']"
Darsh Patel,"['""LG - 65"""" Class - LED - UK6090PUA Series - 2160p - Smart - 4K UHD TV with HDR""', 'Apple - iPhone 11 Pro 256GB - Space Gray', 'Skullcandy - Venue Wireless Noise Canceling Over-the-Ear Headphones - Black']"
Harsh Thakkar,"['""LG - 65"""" Class - LED - UK6090PUA Series - 2160p - Smart - 4K UHD TV with HDR""', 'Apple - Apple Watch Series 5 (GPS) 44mm Space Gray Aluminum Case with Black Sport Band - Space Gray Aluminum', '""Sony - 55"""" Class - LED - X900F Series - 2160p - Smart - 4K Ultra HD TV with HDR""']"
Jayraj Dave,"['""LG - 65"""" Class - LED - UK6090PUA Series - 2160p - Smart - 4K UHD TV with HDR""', '""Sony - 55"""" Class - LED - X900F Series - 2160p - Smart - 4K Ultra HD TV with HDR""', '""LG - 75"""" Class - LED - UK6190 Series - 2160p - Smart - 4K UHD TV with HDR""']"
